V1	1	181	Primary_Visual_Cortex
V2	2	182	Second_Visual_Area
V3	3	183	Third_Visual_Area
V4	4	184	Fourth_Visual_Area
IPS1	5	185	IntraParietal_Sulcus_Area_1
V3A	6	186	Area_V3A
V3B	7	187	Area_V3B
V6	8	188	Sixth_Visual_Area
V6A	9	189	Area_V6A
V7	10	190	Seventh_Visual_Area
FFC	11	191	Fusiform_Face_Complex
PIT	12	192	Posterior_InferoTemporal_complex
V8	13	193	Eighth_Visual_Area
VMV1	14	194	VentroMedial_Visual_Area_1
VMV2	15	195	VentroMedial_Visual_Area_2
VMV3	16	196	VentroMedial_Visual_Area_3
VVC	17	197	Ventral_Visual_Complex
FST	18	198	Area_FST
LO1	19	199	Area_Lateral_Occipital_1
LO2	20	200	Area_Lateral_Occipital_2
LO3	21	201	Area_Lateral_Occipital_3
MST	22	202	Medial_Superior_Temporal_Area
MT	23	203	Middle_Temporal_Area
PH	24	204	Area_PH
V3CD	25	205	Area_V3CD
V4t	26	206	Area_V4t
1	27	207	Area_1
2	28	208	Area_2
3a	29	209	Area_3a
3b	30	210	Primary_Sensory_Cortex
4	31	211	Primary_Motor_Cortex
23c	32	212	Area_23c
24dd	33	213	Dorsal_Area_24d
24dv	34	214	Ventral_Area_24d
5L	35	215	Area_5L
5m	36	216	Area_5m
5mv	37	217	Area_5m_ventral
6ma	38	218	Area_6m_anterior
6mp	39	219	Area_6mp
SCEF	40	220	Supplementary_and_Cingulate_Eye_Field
55b	41	221	Area_55b
6a	42	222	Area_6_anterior
6d	43	223	Dorsal_area_6
6r	44	224	Rostral_Area_6
6v	45	225	Ventral_Area_6
FEF	46	226	Frontal_Eye_Fields
PEF	47	227	Premotor_Eye_Field
43	48	228	Area_43
FOP1	49	229	Frontal_Opercular_Area_1
OP1	50	230	Area_OP1-SII
OP2-3	51	231	Area_OP2-3-VS
OP4	52	232	Area_OP4-PV
52	53	233	Area_52
A1	54	234	Primary_Auditory_Cortex
LBelt	55	235	Lateral_Belt_Complex
MBelt	56	236	Medial_Belt_Complex
PBelt	57	237	ParaBelt_Complex
PFcm	58	238	Area_PFcm
RI	59	239	RetroInsular_Cortex
A4	60	240	Auditory_4_Complex
A5	61	241	Auditory_5_Complex
STGa	62	242	Area_STGa
STSda	63	243	Area_STSd_anterior
STSdp	64	244	Area_STSd_posterior
STSva	65	245	Area_STSv_anterior
STSvp	66	246	Area_STSv_posterior
TA2	67	247	Area_TA2
AAIC	68	248	Anterior_Agranular_Insula_Complex
AVI	69	249	Anterior_Ventral_Insular_Area
FOP2	70	250	Frontal_Opercular_Area_2
FOP3	71	251	Frontal_Opercular_Area_3
FOP4	72	252	Frontal_Opercular_Area_4
FOP5	73	253	Area_Frontal_Opercular_5
Ig	74	254	Insular_Granular_Complex
MI	75	255	Middle_Insular_Area
PI	76	256	Para-Insular_Area
Pir	77	257	Pirform_Cortex
PoI1	78	258	Area_Posterior_Insular_1
PoI2	79	259	Posterior_Insular_Area_2
H	80	260	Hippocampus
PreS	81	261	PreSubiculum
EC	82	262	Entorhinal_Cortex
PeEc	83	263	Perirhinal_Ectorhinal_Cortex
TF	84	264	Area_TF
PHA1	85	265	ParaHippocampal_Area_1
PHA2	86	266	ParaHippocampal_Area_2
PHA3	87	267	ParaHippocampal_Area_3
PHT	88	268	Area_PHT
TE1a	89	269	Area_TE1_anterior
TE1m	90	270	Area_TE1_Middle
TE1p	91	271	Area_TE1_posterior
TE2a	92	272	Area_TE2_anterior
TE2p	93	273	Area_TE2_posterior
TGd	94	274	Area_TG_dorsal
TGv	95	275	Area_TG_Ventral
PSL	96	276	PeriSylvian_Language_Area
STV	97	277	Superior_Temporal_Visual_Area
TPOJ1	98	278	Area_TemporoParietoOccipital_Junction_1
TPOJ2	99	279	Area_TemporoParietoOccipital_Junction_2
TPOJ3	100	280	Area_TemporoParietoOccipital_Junction_3
7AL	101	281	Lateral_Area_7A
7Am	102	282	Medial_Area_7A
7PC	103	283	Area_7PC
7Pl	104	284	Lateral_Area_7P
7Pm	105	285	Medial_Area_7P
AIP	106	286	Anterior_IntraParietal_Area
LIPd	107	287	Area_Lateral_IntraParietal_dorsal
LIPv	108	288	Area_Lateral_IntraParietal_ventral
MIP	109	289	Medial_IntraParietal_Area
VIP	110	290	Ventral_IntraParietal_Complex
IP0	111	291	Area_IntraParietal_0
IP1	112	292	Area_IntraParietal_1
IP2	113	293	Area_IntraParietal_2
PF	114	294	Area_PF_Complex
PFm	115	295	Area_PFm_Complex
PFop	116	296	Area_PF_Opercular
PFt	117	297	Area_PFt
PGi	118	298	Area_PGi
PGp	119	299	Area_PGp
PGs	120	300	Area_PGs
23d	121	301	Area_23d
31a	122	302	Area_31a
31pd	123	303	Area_31pd
31pv	124	304	Area_31p_ventral
7m	125	305	Area_7m
d23ab	126	306	Area_dorsal_23_a+b
DVT	127	307	Dorsal_Transitional_Visual_Area
PCV	128	308	PreCuneus_Visual_Area
POS1	129	309	Parieto-Occipital_Sulcus_Area_1
POS2	130	310	Parieto-Occipital_Sulcus_Area_2
ProS	131	311	ProStriate_Area
RSC	132	312	RetroSplenial_Complex
v23ab	133	313	Area_ventral_23_a+b
10r	134	314	Area_10r
10v	135	315	Area_10v
25	136	316	Area_25
33pr	137	317	Area_33_prime
8BM	138	318	Area_8BM
9m	139	319	Area_9_Middle
a24	140	320	Area_a24
a24pr	141	321	Anterior_24_prime
a32pr	142	322	Area_anterior_32_prime
d32	143	323	Area_dorsal_32
p24	144	324	Area_posterior_24
p24pr	145	325	Area_Posterior_24_prime
p32	146	326	Area_p32
p32pr	147	327	Area_p32_prime
pOFC	148	328	Posterior_OFC_Complex
s32	149	329	Area_s32
10d	150	330	Area_10d
10pp	151	331	Polar_10p
11l	152	332	Area_11l
13l	153	333	Area_13l
47m	154	334	Area_47m
47s	155	335	Area_47s
a10p	156	336	Area_anterior_10p
OFC	157	337	Orbital_Frontal_Complex
p10p	158	338	Area_posterior_10p
44	159	339	Area_44
45	160	340	Area_45
47l	161	341	Area_47l_(47_lateral)
a47r	162	342	Area_anterior_47r
IFJa	163	343	Area_IFJa
IFJp	164	344	Area_IFJp
IFSa	165	345	Area_IFSa
IFSp	166	346	Area_IFSp
p47r	167	347	Area_posterior_47r
46	168	348	Area_46
8Ad	169	349	Area_8Ad
8Av	170	350	Area_8Av
8BL	171	351	Area_8B_Lateral
8C	172	352	Area_8C
9-46d	173	353	Area_9-46d
9a	174	354	Area_9_anterior
9p	175	355	Area_9_Posterior
a9-46v	176	356	Area_anterior_9-46v
i6-8	177	357	Inferior_6-8_Transitional_Area
p9-46v	178	358	Area_posterior_9-46v
s6-8	179	359	Superior_6-8_Transitional_Area
SFL	180	360	Superior_Frontal_Language_Area
AV	361	394	Thal_AnteroventralNucleus
CeM	362	395	Thal_Central_medial
CL	363	396	Thal_Central_lateral
CM	364	397	Thal_Centralmedian
LD	365	398	Thal_Laterodorsal
LGN	366	399	Thal_Lateral_Geniculate
LP	367	400	Thal_Lateral_Posterior
L-Sg	368	401	Thal_Limitans_Suprageniculate
MDl	369	402	Thal_Mediodorsolateral_parvocellular
MDm	370	403	Thal_Mediodorsomedial_magnocellular
MGN	371	404	Thal_Medial_Geniculate
MV(Re)	372	405	Thal_Reuniens
Pf	373	406	Thal_Parafascicular
PuA	374	407	Thal_Pulvinar_anterior
PuI	375	408	Thal_Pulvinar_inferior
PuL	376	409	Thal_Pulvinar_lateral
PuM	377	410	Thal_Pulvinar_medial
VA	378	411	Thal_Ventral_Anterior
VLa	379	412	Thal_Ventral_Lateral_Anterior
VLp	380	413	Thal_Ventral_Lateral_Posterior
VPL	381	414	Thal_Ventral_posterolateral
Putam	382	415	Putamen
Caud	383	416	Caudate
NAc	384	417	Nucleus_Accumbens
Gpe	385	418	Globus_pallidus_externalis
Gpi	386	419	Globus_pallidus_internalis
Amyg	387	420	Amygdala
SNpc	388	421	Substantia_nigra_pars_compacta
SNpr	389	422	Substantia_nigra_pars_reticulata
VTA	390	423	Ventral_tegmenta_area
MB	391	424	Mammillary_bodies
Septum	392	425	Septal_nucleus
Nb	393	426	Nuclei_basal
